id,title,description,location,salary,publication_date,expiration_date,recruiter_id,created_at,updated_at
"120","Développeur Backend","Expérience en Node.js, Java ou Python.","Paris","50000€","2025-03-30","2025-04-29",12,"Sun Mar 30 2025 12:10:34 GMT+0000 (UTC)","Sun Mar 30 2025 12:10:34 GMT+0000 (UTC)"
"121","Ingénieur IA","Connaissance en Deep Learning et NLP.","Lyon","65000€","2025-03-30","2025-04-29",13,"Sun Mar 30 2025 12:10:34 GMT+0000 (UTC)","Sun Mar 30 2025 12:10:34 GMT+0000 (UTC)"
"122","Développeur Blockchain","Maîtrise de Solidity et Ethereum.","Marseille","70000€","2025-03-30","2025-04-29",14,"Sun Mar 30 2025 12:10:34 GMT+0000 (UTC)","Sun Mar 30 2025 12:10:34 GMT+0000 (UTC)"
"123","Administrateur Systèmes","Windows Server, Active Directory, Cloud.","Bordeaux","53000€","2025-03-30","2025-04-29",15,"Sun Mar 30 2025 12:10:34 GMT+0000 (UTC)","Sun Mar 30 2025 12:10:34 GMT+0000 (UTC)"
"124","Consultant Cybersécurité","Gestion des risques et tests d’intrusion.","Toulouse","60000€","2025-03-30","2025-04-29",16,"Sun Mar 30 2025 12:10:34 GMT+0000 (UTC)","Sun Mar 30 2025 12:10:34 GMT+0000 (UTC)"
"125","Responsable SEO","Expertise en référencement naturel.","Nice","45000€","2025-03-30","2025-04-29",17,"Sun Mar 30 2025 12:10:34 GMT+0000 (UTC)","Sun Mar 30 2025 12:10:34 GMT+0000 (UTC)"
"126","Community Manager","Gestion des réseaux sociaux et stratégie digitale.","Nantes","38000€","2025-03-30","2025-04-29",18,"Sun Mar 30 2025 12:10:34 GMT+0000 (UTC)","Sun Mar 30 2025 12:10:34 GMT+0000 (UTC)"
"127","Chef de projet Marketing","Stratégie et campagnes publicitaires.","Strasbourg","55000€","2025-03-30","2025-04-29",19,"Sun Mar 30 2025 12:10:34 GMT+0000 (UTC)","Sun Mar 30 2025 12:10:34 GMT+0000 (UTC)"
"128","UX Designer","Expérience en design interfaces et ergonomie.","Remote","48000€","2025-03-30","2025-04-29",16,"Sun Mar 30 2025 12:10:34 GMT+0000 (UTC)","Sun Mar 30 2025 12:10:34 GMT+0000 (UTC)"
"129","Analyste Financier","Évaluation des risques et gestion de portefeuille.","Lille","52000€","2025-03-30","2025-04-29",19,"Sun Mar 30 2025 12:10:34 GMT+0000 (UTC)","Sun Mar 30 2025 12:10:34 GMT+0000 (UTC)"
"130","Contrôleur de Gestion","Analyse des coûts et suivi budgétaire.","Paris","57000€","2025-03-30","2025-04-29",19,"Sun Mar 30 2025 12:10:34 GMT+0000 (UTC)","Sun Mar 30 2025 12:10:34 GMT+0000 (UTC)"
"131","Expert Comptable","Gestion fiscale et comptabilité analytique.","Lyon","60000€","2025-03-30","2025-04-29",17,"Sun Mar 30 2025 12:10:34 GMT+0000 (UTC)","Sun Mar 30 2025 12:10:34 GMT+0000 (UTC)"
"132","Infirmier(ère) Diplômé(e) d’État","Soins et suivi des patients.","Marseille","45000€","2025-03-30","2025-04-29",17,"Sun Mar 30 2025 12:10:34 GMT+0000 (UTC)","Sun Mar 30 2025 12:10:34 GMT+0000 (UTC)"
"14","Développeur Fullstack Senior","Recherche un développeur Fullstack avec 5+ ans d'expérience en React et Node.js. Maîtrise de TypeScript et GraphQL requise.","Rabat","65000€","2025-03-27","2025-04-26",9,"Thu Mar 27 2025 11:25:28 GMT+0000 (UTC)","Thu Mar 27 2025 11:25:28 GMT+0000 (UTC)"
"15","Data Engineer","Poste en équipe data pour construire des pipelines ETL avec Python, Spark et Airflow. Expérience cloud (AWS/GCP) appréciée.","fes","58000€","2025-03-27","2025-04-26",9,"Thu Mar 27 2025 11:25:28 GMT+0000 (UTC)","Thu Mar 27 2025 11:25:28 GMT+0000 (UTC)"
"16","Ingénieur DevOps","Mise en place d'infrastructure Kubernetes et CI/CD. Compétences en Terraform et monitoring (Prometheus/Grafana) nécessaires.","Casablanca","62000€","2025-03-27","2025-04-26",9,"Thu Mar 27 2025 11:25:28 GMT+0000 (UTC)","Thu Mar 27 2025 11:25:28 GMT+0000 (UTC)"
"17","Responsable SEO","Gestion de la stratégie SEO et analyse des performances avec Google Search Console. Connaissances en Python pour le scraping un plus.","Tanger","48000€","2025-03-27","2025-04-26",10,"Thu Mar 27 2025 11:29:08 GMT+0000 (UTC)","Thu Mar 27 2025 11:29:08 GMT+0000 (UTC)"
"18","Community Manager","Animation des réseaux sociaux (Instagram/TikTok) et création de contenu. Expérience dans le secteur de la mode requise.","Marakech","35000€","2025-03-27","2025-04-26",10,"Thu Mar 27 2025 11:29:08 GMT+0000 (UTC)","Thu Mar 27 2025 11:29:08 GMT+0000 (UTC)"
"19","UX Researcher","Conduite d'études utilisateurs et tests d'ergonomie. Maîtrise de Figma et Hotjar. Portfolio exigé.","fes","45000€","2025-03-27","2025-04-26",11,"Thu Mar 27 2025 11:30:13 GMT+0000 (UTC)","Thu Mar 27 2025 11:30:13 GMT+0000 (UTC)"
"20","UI Designer","Création de design systems et prototypes haute fidélité. Compétences en animation (After Effects) un plus.","rabat","42000€","2025-03-27","2025-04-26",11,"Thu Mar 27 2025 11:30:13 GMT+0000 (UTC)","Thu Mar 27 2025 11:30:13 GMT+0000 (UTC)"
"21","Scrum Master","Accompagnement d'équipes Agile (SAFe/LeSS). Certification Scrum obligatoire.","Nants","55000€","2025-03-27","2025-04-26",12,"Thu Mar 27 2025 11:32:51 GMT+0000 (UTC)","Thu Mar 27 2025 11:32:51 GMT+0000 (UTC)"
"22","Business Developer","Prospection B2B dans le secteur SaaS. Anglais courant exigé.","Paris","50000€","2025-03-27","2025-04-26",12,"Thu Mar 27 2025 11:32:51 GMT+0000 (UTC)","Thu Mar 27 2025 11:32:51 GMT+0000 (UTC)"
"23","Data Scientist","Recherche un Data Scientist expérimenté en Python et Machine Learning. SQL requis.","Paris","50000€","2025-03-27","2025-04-26",13,"Thu Mar 27 2025 11:33:40 GMT+0000 (UTC)","Thu Mar 27 2025 11:33:40 GMT+0000 (UTC)"
"24","Développeur Fullstack","Poste pour un dev Fullstack maîtrisant React et Node.js. Connaissances en MongoDB appréciées.","Remote","45000€","2025-03-27","2025-04-26",13,"Thu Mar 27 2025 11:33:40 GMT+0000 (UTC)","Thu Mar 27 2025 11:33:40 GMT+0000 (UTC)"
"25","Expert SEO","Profil SEO avec expérience en Google Ads et analyse de trafic. Connaissance de Python un plus.","Lyon","40000€","2025-03-27","2025-04-26",13,"Thu Mar 27 2025 11:33:40 GMT+0000 (UTC)","Thu Mar 27 2025 11:33:40 GMT+0000 (UTC)"
"26","Ingénieur Java","Développeur Java/Spring pour architecture microservices. Expérience en cloud AWS nécessaire.","Toulouse","55000€","2025-03-27","2025-04-26",13,"Thu Mar 27 2025 11:33:40 GMT+0000 (UTC)","Thu Mar 27 2025 11:33:40 GMT+0000 (UTC)"
"27","DevOps Engineer","Recherche un DevOps avec expérience en Docker, Kubernetes et CI/CD. Bash/Python requis.","Paris","60000€","2025-03-27","2025-04-26",14,"Thu Mar 27 2025 11:33:40 GMT+0000 (UTC)","Thu Mar 27 2025 11:33:40 GMT+0000 (UTC)"
"28","UX Designer","Profil créatif maîtrisant Figma et Adobe XD. Connaissances en HTML/CSS un plus.","Remote","38000€","2025-03-27","2025-04-26",14,"Thu Mar 27 2025 11:33:40 GMT+0000 (UTC)","Thu Mar 27 2025 11:33:40 GMT+0000 (UTC)"
"133","Médecin Généraliste","Consultations et suivi médical.","Bordeaux","80000€","2025-03-30","2025-04-29",16,"Sun Mar 30 2025 12:10:34 GMT+0000 (UTC)","Sun Mar 30 2025 12:10:34 GMT+0000 (UTC)"
"134","Pharmacien","Gestion de pharmacie et conseil médical.","Toulouse","55000€","2025-03-30","2025-04-29",15,"Sun Mar 30 2025 12:10:34 GMT+0000 (UTC)","Sun Mar 30 2025 12:10:34 GMT+0000 (UTC)"
"135","Ingénieur Mécanique","Conception et simulation mécanique.","Nice","58000€","2025-03-30","2025-04-29",15,"Sun Mar 30 2025 12:10:34 GMT+0000 (UTC)","Sun Mar 30 2025 12:10:34 GMT+0000 (UTC)"
"136","Technicien en Robotique","Programmation et maintenance de robots.","Nantes","47000€","2025-03-30","2025-04-29",15,"Sun Mar 30 2025 12:10:34 GMT+0000 (UTC)","Sun Mar 30 2025 12:10:34 GMT+0000 (UTC)"
"33","Architecte Cloud","Expertise en AWS, Azure ou GCP. Expérience en conception d’architecture cloud.","Paris","70000€","2025-03-30","2025-04-29",11,"Sun Mar 30 2025 11:49:19 GMT+0000 (UTC)","Sun Mar 30 2025 11:49:19 GMT+0000 (UTC)"
"34","Développeur Backend","Maîtrise de Node.js et Express. Expérience avec MongoDB et PostgreSQL requise.","Lille","48000€","2025-03-30","2025-04-29",12,"Sun Mar 30 2025 11:49:19 GMT+0000 (UTC)","Sun Mar 30 2025 11:49:19 GMT+0000 (UTC)"
"35","Spécialiste Cybersécurité","Expérience en pentesting, audits de sécurité et normes ISO 27001.","Marseille","65000€","2025-03-30","2025-04-29",13,"Sun Mar 30 2025 11:49:19 GMT+0000 (UTC)","Sun Mar 30 2025 11:49:19 GMT+0000 (UTC)"
"36","Data Engineer","Expertise en Big Data, Spark, Hadoop et bases de données NoSQL.","Lyon","60000€","2025-03-30","2025-04-29",11,"Sun Mar 30 2025 11:49:19 GMT+0000 (UTC)","Sun Mar 30 2025 11:49:19 GMT+0000 (UTC)"
"37","Consultant BI","Expérience en Power BI, Tableau et SQL Server. Connaissance en ETL requise.","Nice","50000€","2025-03-30","2025-04-29",11,"Sun Mar 30 2025 11:49:19 GMT+0000 (UTC)","Sun Mar 30 2025 11:49:19 GMT+0000 (UTC)"
"38","Ingénieur IA","Maîtrise des réseaux neuronaux et frameworks TensorFlow/PyTorch.","Remote","65000€","2025-03-30","2025-04-29",12,"Sun Mar 30 2025 11:49:19 GMT+0000 (UTC)","Sun Mar 30 2025 11:49:19 GMT+0000 (UTC)"
"137","Ingénieur Énergie","Optimisation et gestion des ressources énergétiques.","Strasbourg","62000€","2025-03-30","2025-04-29",16,"Sun Mar 30 2025 12:10:34 GMT+0000 (UTC)","Sun Mar 30 2025 12:10:34 GMT+0000 (UTC)"
"138","Responsable Supply Chain","Gestion des flux logistiques.","Remote","53000€","2025-03-30","2025-04-29",16,"Sun Mar 30 2025 12:10:34 GMT+0000 (UTC)","Sun Mar 30 2025 12:10:34 GMT+0000 (UTC)"
"139","Agent de Transit","Coordination des opérations export.","Lille","42000€","2025-03-30","2025-04-29",16,"Sun Mar 30 2025 12:10:34 GMT+0000 (UTC)","Sun Mar 30 2025 12:10:34 GMT+0000 (UTC)"
"140","Pilote de Ligne Aérienne","Conduite et gestion des vols commerciaux.","Paris","95000€","2025-03-30","2025-04-29",17,"Sun Mar 30 2025 12:10:34 GMT+0000 (UTC)","Sun Mar 30 2025 12:10:34 GMT+0000 (UTC)"
"141","Chercheur en Biotechnologie","Recherche et développement en biologie.","Lyon","68000€","2025-03-30","2025-04-29",18,"Sun Mar 30 2025 12:10:34 GMT+0000 (UTC)","Sun Mar 30 2025 12:10:34 GMT+0000 (UTC)"
"142","Spécialiste en Neurosciences","Études des troubles cognitifs.","Marseille","72000€","2025-03-30","2025-04-29",19,"Sun Mar 30 2025 12:10:34 GMT+0000 (UTC)","Sun Mar 30 2025 12:10:34 GMT+0000 (UTC)"
"143","Astrophysicien","Étude de l’univers et des exoplanètes.","Bordeaux","75000€","2025-03-30","2025-04-29",19,"Sun Mar 30 2025 12:10:34 GMT+0000 (UTC)","Sun Mar 30 2025 12:10:34 GMT+0000 (UTC)"
"144","Professeur de Mathématiques","Enseignement secondaire et supérieur.","Toulouse","48000€","2025-03-30","2025-04-29",19,"Sun Mar 30 2025 12:10:34 GMT+0000 (UTC)","Sun Mar 30 2025 12:10:34 GMT+0000 (UTC)"
"39","Product Manager","Gestion de produit tech, agile, SCRUM. Expérience en SaaS appréciée.","Bordeaux","55000€","2025-03-30","2025-04-29",13,"Sun Mar 30 2025 11:49:19 GMT+0000 (UTC)","Sun Mar 30 2025 11:49:19 GMT+0000 (UTC)"
"40","Administrateur Systèmes","Expérience en Linux, Windows Server et virtualisation (VMware, Hyper-V).","Toulouse","47000€","2025-03-30","2025-04-29",11,"Sun Mar 30 2025 11:49:19 GMT+0000 (UTC)","Sun Mar 30 2025 11:49:19 GMT+0000 (UTC)"
"41","Développeur Frontend","Expérience en React, Vue.js ou Angular.","Paris","42000€","2025-03-30","2025-04-29",12,"Sun Mar 30 2025 12:01:11 GMT+0000 (UTC)","Sun Mar 30 2025 12:01:11 GMT+0000 (UTC)"
"42","Spécialiste Big Data","Maîtrise de Hadoop, Spark et bases NoSQL.","Lyon","60000€","2025-03-30","2025-04-29",13,"Sun Mar 30 2025 12:01:11 GMT+0000 (UTC)","Sun Mar 30 2025 12:01:11 GMT+0000 (UTC)"
"43","Ingénieur Systèmes","Expérience en Linux, Docker, Kubernetes.","Marseille","55000€","2025-03-30","2025-04-29",14,"Sun Mar 30 2025 12:01:11 GMT+0000 (UTC)","Sun Mar 30 2025 12:01:11 GMT+0000 (UTC)"
"44","Développeur Mobile","iOS/Android avec Flutter ou React Native.","Bordeaux","50000€","2025-03-30","2025-04-29",14,"Sun Mar 30 2025 12:01:11 GMT+0000 (UTC)","Sun Mar 30 2025 12:01:11 GMT+0000 (UTC)"
"45","Scrum Master","Expérience Agile/Scrum et gestion déquipe.","Toulouse","52000€","2025-03-30","2025-04-29",9,"Sun Mar 30 2025 12:01:11 GMT+0000 (UTC)","Sun Mar 30 2025 12:01:11 GMT+0000 (UTC)"
"46","Spécialiste Réseaux","Cisco, Fortinet, sécurité réseau et VPN.","Nice","57000€","2025-03-30","2025-04-29",9,"Sun Mar 30 2025 12:01:11 GMT+0000 (UTC)","Sun Mar 30 2025 12:01:11 GMT+0000 (UTC)"
"47","Développeur C++","Expérience en développement bas niveau.","Nantes","58000€","2025-03-30","2025-04-29",11,"Sun Mar 30 2025 12:01:11 GMT+0000 (UTC)","Sun Mar 30 2025 12:01:11 GMT+0000 (UTC)"
"48","Ingénieur DevOps","Kubernetes, CI/CD, Terraform, Docker.","Strasbourg","62000€","2025-03-30","2025-04-29",13,"Sun Mar 30 2025 12:01:11 GMT+0000 (UTC)","Sun Mar 30 2025 12:01:11 GMT+0000 (UTC)"
"49","Expert Cloud","Maîtrise de AWS, GCP ou Azure.","Remote","68000€","2025-03-30","2025-04-29",12,"Sun Mar 30 2025 12:01:11 GMT+0000 (UTC)","Sun Mar 30 2025 12:01:11 GMT+0000 (UTC)"
"50","Consultant IT","Expérience en transformation digitale.","Lille","56000€","2025-03-30","2025-04-29",12,"Sun Mar 30 2025 12:01:11 GMT+0000 (UTC)","Sun Mar 30 2025 12:01:11 GMT+0000 (UTC)"
"51","Développeur PHP","Maîtrise de Laravel et Symfony.","Paris","48000€","2025-03-30","2025-04-29",12,"Sun Mar 30 2025 12:01:11 GMT+0000 (UTC)","Sun Mar 30 2025 12:01:11 GMT+0000 (UTC)"
"52","Administrateur Base de Données","PostgreSQL, MySQL, optimisation SQL.","Lyon","53000€","2025-03-30","2025-04-29",10,"Sun Mar 30 2025 12:01:11 GMT+0000 (UTC)","Sun Mar 30 2025 12:01:11 GMT+0000 (UTC)"
"53","Ingénieur Sécurité","Expertise en cybersécurité et pentesting.","Marseille","65000€","2025-03-30","2025-04-29",10,"Sun Mar 30 2025 12:01:11 GMT+0000 (UTC)","Sun Mar 30 2025 12:01:11 GMT+0000 (UTC)"
"54","Analyste Data","Expérience en Power BI, SQL et statistiques.","Bordeaux","47000€","2025-03-30","2025-04-29",10,"Sun Mar 30 2025 12:01:11 GMT+0000 (UTC)","Sun Mar 30 2025 12:01:11 GMT+0000 (UTC)"
"55","Chef de Projet IT","Gestion de projet agile et méthodologies PMI.","Toulouse","60000€","2025-03-30","2025-04-29",10,"Sun Mar 30 2025 12:01:11 GMT+0000 (UTC)","Sun Mar 30 2025 12:01:11 GMT+0000 (UTC)"
"145","Formateur IT","Formation en développement et systèmes.","Nice","50000€","2025-03-30","2025-04-29",12,"Sun Mar 30 2025 12:10:34 GMT+0000 (UTC)","Sun Mar 30 2025 12:10:34 GMT+0000 (UTC)"
"146","Directeur d’École","Gestion et coordination pédagogique.","Nantes","65000€","2025-03-30","2025-04-29",17,"Sun Mar 30 2025 12:10:34 GMT+0000 (UTC)","Sun Mar 30 2025 12:10:34 GMT+0000 (UTC)"
"147","Avocat en Droit du Travail","Conseil et défense des entreprises.","Strasbourg","70000€","2025-03-30","2025-04-29",17,"Sun Mar 30 2025 12:10:34 GMT+0000 (UTC)","Sun Mar 30 2025 12:10:34 GMT+0000 (UTC)"
"148","Juriste en Propriété Intellectuelle","Brevets, marques et droit d’auteur.","Remote","62000€","2025-03-30","2025-04-29",19,"Sun Mar 30 2025 12:10:34 GMT+0000 (UTC)","Sun Mar 30 2025 12:10:34 GMT+0000 (UTC)"
"149","Directeur d’Hôtel","Gestion et administration hôtelière.","Lille","72000€","2025-03-30","2025-04-29",19,"Sun Mar 30 2025 12:10:34 GMT+0000 (UTC)","Sun Mar 30 2025 12:10:34 GMT+0000 (UTC)"
"150","Chef de Cuisine","Supervision des brigades en restaurant gastronomique.","Paris","58000€","2025-03-30","2025-04-29",18,"Sun Mar 30 2025 12:10:34 GMT+0000 (UTC)","Sun Mar 30 2025 12:10:34 GMT+0000 (UTC)"
"151","Guide Touristique","Accompagnement et découverte culturelle.","Lyon","42000€","2025-03-30","2025-04-29",16,"Sun Mar 30 2025 12:10:34 GMT+0000 (UTC)","Sun Mar 30 2025 12:10:34 GMT+0000 (UTC)"
"152","Développeur Web Full-Stack","Nous recherchons un développeur maîtrisant HTML, CSS, JavaScript, et Node.js pour travailler sur des applications web dynamiques. Le candidat idéal devra être familier avec la gestion des bases de données SQL.","Paris, France","3500 EUR","2025-04-01","2025-05-31",9,"Wed Apr 02 2025 17:44:40 GMT+0000 (UTC)","Wed Apr 02 2025 17:44:40 GMT+0000 (UTC)"
"153","Ingénieur en Data Science","Nous recherchons un ingénieur en Data Science ayant une solide maîtrise de Python, R, et des bibliothèques de machine learning comme Scikit-learn et TensorFlow.","Lyon, France","4500 EUR","2025-04-01","2025-04-30",10,"Wed Apr 02 2025 17:44:40 GMT+0000 (UTC)","Wed Apr 02 2025 17:44:40 GMT+0000 (UTC)"
"154","Développeur Front-End React","Poste de développeur front-end avec une expertise en React.js, HTML5, CSS3 et une bonne connaissance de intégration avec des API RESTful.","Marseille, France","3000 EUR","2025-04-01","2025-06-30",11,"Wed Apr 02 2025 17:44:40 GMT+0000 (UTC)","Wed Apr 02 2025 17:44:40 GMT+0000 (UTC)"
"155","Administrateur Systèmes","Nous recherchons un administrateur système avec une expérience sur Linux, la gestion des serveurs Apache et Nginx, ainsi que la maîtrise de la configuration des systèmes réseaux.","Bordeaux, France","4000 EUR","2025-04-01","2025-05-31",12,"Wed Apr 02 2025 17:44:40 GMT+0000 (UTC)","Wed Apr 02 2025 17:44:40 GMT+0000 (UTC)"
"156","Consultant SEO","Un consultant SEO avec une maîtrise des outils analyse comme Google Analytics, SEMrush, et une expérience dans optimisation des moteurs de recherche.","Toulouse, France","3500 EUR","2025-04-01","2025-04-30",13,"Wed Apr 02 2025 17:44:40 GMT+0000 (UTC)","Wed Apr 02 2025 17:44:40 GMT+0000 (UTC)"
"177","Développeur Mobile iOS","Nous recherchons un développeur iOS ayant une expérience avec Swift, Objective-C, ainsi que la gestion des bases de données locales avec CoreData et Realm.","Paris, France","3800 EUR","2025-04-01","2025-05-31",12,"Wed Apr 02 2025 17:47:10 GMT+0000 (UTC)","Wed Apr 02 2025 17:47:10 GMT+0000 (UTC)"
"178","Développeur Back-End Python","Nous cherchons un développeur back-end ayant une expertise en Python, Django et une bonne connaissance des bases de données relationnelles comme PostgreSQL.","Lyon, France","4200 EUR","2025-04-01","2025-04-30",14,"Wed Apr 02 2025 17:47:10 GMT+0000 (UTC)","Wed Apr 02 2025 17:47:10 GMT+0000 (UTC)"
"179","Ingénieur DevOps","Recherche un ingénieur DevOps avec des compétences en gestion de cloud (AWS, Azure), gestion des conteneurs (Docker, Kubernetes) et des systèmes de CI/CD.","Marseille, France","5000 EUR","2025-04-01","2025-06-30",18,"Wed Apr 02 2025 17:47:10 GMT+0000 (UTC)","Wed Apr 02 2025 17:47:10 GMT+0000 (UTC)"
"180","Développeur PHP Symfony","Poste de développeur PHP avec expertise sur Symfony, gestion des bases de données MySQL, et bonnes pratiques de développement orienté objet.","Lille, France","3400 EUR","2025-04-01","2025-05-31",19,"Wed Apr 02 2025 17:47:10 GMT+0000 (UTC)","Wed Apr 02 2025 17:47:10 GMT+0000 (UTC)"
"181","Administrateur Base de Données SQL","Nous recherchons un administrateur de bases de données SQL avec des compétences avancées en gestion de bases de données relationnelles et en optimisation des performances.","Toulouse, France","4300 EUR","2025-04-01","2025-05-31",19,"Wed Apr 02 2025 17:47:10 GMT+0000 (UTC)","Wed Apr 02 2025 17:47:10 GMT+0000 (UTC)"
"182","Ingénieur en Machine Learning","Recherchons un ingénieur en Machine Learning ayant une maîtrise de Python, TensorFlow, Keras et la mise en production des modèles.","Nice, France","5000 EUR","2025-04-01","2025-06-30",18,"Wed Apr 02 2025 17:47:10 GMT+0000 (UTC)","Wed Apr 02 2025 17:47:10 GMT+0000 (UTC)"
"183","Développeur Java Backend","Nous recherchons un développeur Java avec une expertise sur Spring Boot, Hibernate, et une bonne connaissance de la gestion des API RESTful.","Nantes, France","4000 EUR","2025-04-01","2025-04-30",17,"Wed Apr 02 2025 17:47:10 GMT+0000 (UTC)","Wed Apr 02 2025 17:47:10 GMT+0000 (UTC)"
"184","Data Analyst","Poste de Data Analyst avec une expertise en analyse de données sur Excel, SQL, et des outils de visualisation comme Tableau ou Power BI.","Paris, France","3500 EUR","2025-04-01","2025-04-30",14,"Wed Apr 02 2025 17:47:10 GMT+0000 (UTC)","Wed Apr 02 2025 17:47:10 GMT+0000 (UTC)"
"185","Développeur C++","Nous recherchons un développeur C++ avec une expérience dans le développement de logiciels en temps réel, gestion de la mémoire et optimisation des performances.","Bordeaux, France","4200 EUR","2025-04-01","2025-05-31",12,"Wed Apr 02 2025 17:47:10 GMT+0000 (UTC)","Wed Apr 02 2025 17:47:10 GMT+0000 (UTC)"
"186","Architecte Cloud","Nous recherchons un architecte Cloud avec des compétences avancées dans la conception de solutions Cloud (AWS, GCP, Azure) et la gestion des infrastructures cloud avec Terraform.","Lyon, France","5500 EUR","2025-04-01","2025-06-30",10,"Wed Apr 02 2025 17:47:10 GMT+0000 (UTC)","Wed Apr 02 2025 17:47:10 GMT+0000 (UTC)"
"187","Développeur Front-End Web","Nous recherchons un développeur maîtrisant HTML, CSS, JavaScript, et React.js. Vous serez responsable de interface utilisateur de nos applications web.","Paris, France","3500 EUR","2025-04-01","2025-05-31",9,"Wed Apr 02 2025 17:49:43 GMT+0000 (UTC)","Wed Apr 02 2025 17:49:43 GMT+0000 (UTC)"
"188","Développeur Back-End Node.js","Nous cherchons un développeur maîtrisant Node.js, Express.js, et MongoDB pour le développement de notre API et gestion des données.","Lyon, France","3800 EUR","2025-04-01","2025-04-30",10,"Wed Apr 02 2025 17:49:43 GMT+0000 (UTC)","Wed Apr 02 2025 17:49:43 GMT+0000 (UTC)"
"189","Développeur Full-Stack JavaScript","Nous recherchons un développeur full-stack maîtrisant JavaScript, Node.js, Express.js, et MongoDB. Vous serez responsable de la conception de application web de bout en bout.","Marseille, France","4200 EUR","2025-04-01","2025-06-30",11,"Wed Apr 02 2025 17:49:43 GMT+0000 (UTC)","Wed Apr 02 2025 17:49:43 GMT+0000 (UTC)"
"190","Développeur Front-End React.js","Nous recherchons un développeur maîtrisant React.js, HTML, CSS, et JavaScript pour créer des interfaces utilisateurs dynamiques.","Lille, France","3300 EUR","2025-04-01","2025-05-31",12,"Wed Apr 02 2025 17:49:43 GMT+0000 (UTC)","Wed Apr 02 2025 17:49:43 GMT+0000 (UTC)"
"191","Développeur Mobile React Native","Poste de développeur mobile avec une expertise en React Native, JavaScript, et la gestion des API RESTful.","Toulouse, France","3500 EUR","2025-04-01","2025-05-31",13,"Wed Apr 02 2025 17:49:43 GMT+0000 (UTC)","Wed Apr 02 2025 17:49:43 GMT+0000 (UTC)"
"192","Développeur PHP Laravel","Nous recherchons un développeur PHP avec une expertise sur Laravel, HTML, CSS, et JavaScript pour travailler sur des projets web interactifs.","Nice, France","3900 EUR","2025-04-01","2025-06-30",14,"Wed Apr 02 2025 17:49:43 GMT+0000 (UTC)","Wed Apr 02 2025 17:49:43 GMT+0000 (UTC)"
"193","Développeur Java Spring Boot","Nous recherchons un développeur Java maîtrisant Spring Boot, Hibernate, et les API RESTful. Expérience avec les bases de données relationnelles requise.","Bordeaux, France","4000 EUR","2025-04-01","2025-04-30",15,"Wed Apr 02 2025 17:49:43 GMT+0000 (UTC)","Wed Apr 02 2025 17:49:43 GMT+0000 (UTC)"
"194","Administrateur Base de Données SQL","Nous recherchons un administrateur maîtrisant SQL, PostgreSQL, et la gestion des bases de données relationnelles.","Paris, France","3800 EUR","2025-04-01","2025-05-31",16,"Wed Apr 02 2025 17:49:43 GMT+0000 (UTC)","Wed Apr 02 2025 17:49:43 GMT+0000 (UTC)"
"195","Développeur Python Django","Nous recherchons un développeur Python avec une expertise en Django, HTML, CSS, et JavaScript pour construire des applications web robustes.","Lyon, France","4200 EUR","2025-04-01","2025-04-30",17,"Wed Apr 02 2025 17:49:43 GMT+0000 (UTC)","Wed Apr 02 2025 17:49:43 GMT+0000 (UTC)"
"196","Développeur C# .NET","Nous cherchons un développeur C# avec une expertise en .NET, SQL Server, et les bonnes pratiques de développement orienté objet.","Paris, France","4300 EUR","2025-04-01","2025-06-30",18,"Wed Apr 02 2025 17:49:43 GMT+0000 (UTC)","Wed Apr 02 2025 17:49:43 GMT+0000 (UTC)"
"197","Expert Front-End Web","Nous recherchons un expert maîtrisant HTML, CSS, JavaScript, et React.js. Vous serez responsable de interface utilisateur de nos applications web.","Paris, France","3500 EUR","2025-04-01","2025-05-31",9,"Wed Apr 02 2025 17:56:57 GMT+0000 (UTC)","Wed Apr 02 2025 17:56:57 GMT+0000 (UTC)"
"198","Ingénieur Back-End Node.js","Nous cherchons un ingénieur maîtrisant Node.js, Express.js, et MongoDB pour le développement de notre API et gestion des données.","Lyon, France","3800 EUR","2025-04-01","2025-04-30",9,"Wed Apr 02 2025 17:56:57 GMT+0000 (UTC)","Wed Apr 02 2025 17:56:57 GMT+0000 (UTC)"
"199","Architecte Full-Stack JavaScript","Nous recherchons un architecte full-stack maîtrisant JavaScript, Node.js, Express.js, et MongoDB. Vous serez responsable de la conception de application web de bout en bout.","Marseille, France","4200 EUR","2025-04-01","2025-06-30",9,"Wed Apr 02 2025 17:56:57 GMT+0000 (UTC)","Wed Apr 02 2025 17:56:57 GMT+0000 (UTC)"
"200","Spécialiste Front-End React.js","Nous recherchons un spécialiste maîtrisant React.js, HTML, CSS, et JavaScript pour créer des interfaces utilisateurs dynamiques.","Lille, France","3300 EUR","2025-04-01","2025-05-31",9,"Wed Apr 02 2025 17:56:57 GMT+0000 (UTC)","Wed Apr 02 2025 17:56:57 GMT+0000 (UTC)"
"201","Développeur Mobile React Native","Poste de développeur mobile avec une expertise en React Native, JavaScript, et la gestion des API RESTful.","Toulouse, France","3500 EUR","2025-04-01","2025-05-31",9,"Wed Apr 02 2025 17:56:57 GMT+0000 (UTC)","Wed Apr 02 2025 17:56:57 GMT+0000 (UTC)"
"202","Ingénieur PHP Laravel","Nous recherchons un ingénieur PHP avec une expertise sur Laravel, HTML, CSS, et JavaScript pour travailler sur des projets web interactifs.","Nice, France","3900 EUR","2025-04-01","2025-06-30",9,"Wed Apr 02 2025 17:56:57 GMT+0000 (UTC)","Wed Apr 02 2025 17:56:57 GMT+0000 (UTC)"
"203","Expert Java Spring Boot","Nous recherchons un expert Java maîtrisant Spring Boot, Hibernate, et les API RESTful. Expérience avec les bases de données relationnelles requise.","Bordeaux, France","4000 EUR","2025-04-01","2025-04-30",9,"Wed Apr 02 2025 17:56:57 GMT+0000 (UTC)","Wed Apr 02 2025 17:56:57 GMT+0000 (UTC)"
"204","Administrateur Base de Données SQL","Nous recherchons un administrateur maîtrisant SQL, PostgreSQL, et la gestion des bases de données relationnelles.","Paris, France","3800 EUR","2025-04-01","2025-05-31",9,"Wed Apr 02 2025 17:56:57 GMT+0000 (UTC)","Wed Apr 02 2025 17:56:57 GMT+0000 (UTC)"
"205","Développeur Python Django","Nous recherchons un développeur Python avec une expertise en Django, HTML, CSS, et JavaScript pour construire des applications web robustes.","Lyon, France","4200 EUR","2025-04-01","2025-04-30",9,"Wed Apr 02 2025 17:56:57 GMT+0000 (UTC)","Wed Apr 02 2025 17:56:57 GMT+0000 (UTC)"
"206","Expert C# .NET","Nous cherchons un expert C# avec une expertise en .NET, SQL Server, et les bonnes pratiques de développement orienté objet.","Paris, France","4300 EUR","2025-04-01","2025-06-30",9,"Wed Apr 02 2025 17:56:57 GMT+0000 (UTC)","Wed Apr 02 2025 17:56:57 GMT+0000 (UTC)"
"207","Data Scientist Python","Nous recherchons un Data Scientist maîtrisant Python, Pandas, NumPy, Scikit-learn, et la modélisation statistique pour analyser des données et créer des modèles prédictifs.","Paris, France","4500 EUR","2025-04-01","2025-05-31",11,"Wed Apr 02 2025 18:01:20 GMT+0000 (UTC)","Wed Apr 02 2025 18:01:20 GMT+0000 (UTC)"
"208","Ingénieur DevOps Kubernetes","Nous cherchons un ingénieur DevOps maîtrisant Kubernetes, Docker, Jenkins, et les pratiques CI/CD pour automatiser les processus de déploiement et amélioinfrastructure cloud.","Lyon, France","4700 EUR","2025-04-01","2025-04-30",12,"Wed Apr 02 2025 18:01:20 GMT+0000 (UTC)","Wed Apr 02 2025 18:01:20 GMT+0000 (UTC)"
"209","Spécialiste Cloud AWS","Nous recherchons un spécialiste des solutions cloud avec une expertise en AWS, S3, EC2, Lambda et RDS pour optimiser architecture cloud et la gestion des données.","Marseille, France","4800 EUR","2025-04-01","2025-06-30",13,"Wed Apr 02 2025 18:01:20 GMT+0000 (UTC)","Wed Apr 02 2025 18:01:20 GMT+0000 (UTC)"
"210","Consultant en Sécurité Informatique","Nous cherchons un consultant spécialisé en cybersécurité pour analyser les risques, implémenter des solutions de sécurité, et former nos équipes sur les meilleures pratiques en matière de sécurité informatique.","Toulouse, France","5000 EUR","2025-04-01","2025-05-31",14,"Wed Apr 02 2025 18:01:20 GMT+0000 (UTC)","Wed Apr 02 2025 18:01:20 GMT+0000 (UTC)"
"211","Ingénieur en Réseaux et Télécommunications","Nous recherchons un ingénieur en réseaux et télécommunications pour gérer infrastructure réseau, assurer la maintenance et la sécurité des communications.","Lille, France","4300 EUR","2025-04-01","2025-04-30",11,"Wed Apr 02 2025 18:01:20 GMT+0000 (UTC)","Wed Apr 02 2025 18:01:20 GMT+0000 (UTC)"
"212","Expert en Intelligence Artificielle","Nous recherchons un expert en IA avec des compétences en apprentissage automatique, traitement du langage naturel, et TensorFlow pour développer des solutions innovantes basées sur IA.","Paris, France","5100 EUR","2025-04-01","2025-05-31",13,"Wed Apr 02 2025 18:01:20 GMT+0000 (UTC)","Wed Apr 02 2025 18:01:20 GMT+0000 (UTC)"
"213","Développeur Blockchain","Nous recherchons un développeur ayant une expertise en Blockchain, Smart Contracts, Ethereum, et Solidity pour développer des solutions décentralisées.","Nice, France","5200 EUR","2025-04-01","2025-06-30",12,"Wed Apr 02 2025 18:01:20 GMT+0000 (UTC)","Wed Apr 02 2025 18:01:20 GMT+0000 (UTC)"
"214","Analyste en Business Intelligence","Nous cherchons un analyste BI avec une expertise en SQL, Tableau, Power BI, et analyse de données pour générer des rapports et fournir des insights stratégiques.","Bordeaux, France","4600 EUR","2025-04-01","2025-05-31",11,"Wed Apr 02 2025 18:01:20 GMT+0000 (UTC)","Wed Apr 02 2025 18:01:20 GMT+0000 (UTC)"
"215","Développeur Swift iOS","Nous recherchons un développeur maîtrisant Swift et Xcode pour créer des applications mobiles iOS performantes et intuitives.","Lyon, France","4400 EUR","2025-04-01","2025-04-30",9,"Wed Apr 02 2025 18:01:20 GMT+0000 (UTC)","Wed Apr 02 2025 18:01:20 GMT+0000 (UTC)"
"216","Consultant ERP SAP","Nous recherchons un consultant ERP SAP avec des compétences en gestion des processus affaires, SAP HANA et SAP S/4HANA pour implémentation et la gestion des solutions ERP.","Paris, France","4900 EUR","2025-04-01","2025-06-30",10,"Wed Apr 02 2025 18:01:20 GMT+0000 (UTC)","Wed Apr 02 2025 18:01:20 GMT+0000 (UTC)"
